LSS; 21706894 21507122 21712227; 20144769 21502642 21507151; 21505186 21705472; 21712798 21000002
LSS; 21706894 21507122 21712227; 20144769 21502642 21507151; 21712798 21000002; 21505186 21705472
LSS; 21712798 21507122 21000002; 20144769 21502642 21507151; 21706894 21712227; 21505186 21705472
LSS; 21712798 21507122 21000002; 20144769 21502642 21507151; 21505186 21705472; 21706894 21712227
LSS; 20144769 21502642 21507151; 21706894 21507122 21712227; 21505186 21705472; 21712798 21000002
LSS; 20144769 21502642 21507151; 21706894 21507122 21712227; 21712798 21000002; 21505186 21705472
LSS; 20144769 21502642 21507151; 21712798 21507122 21000002; 21706894 21712227; 21505186 21705472
LSS; 20144769 21502642 21507151; 21712798 21507122 21000002; 21505186 21705472; 21706894 21712227

AKL;21507122 21706894 21504427;21500572 21404529 20134250;21502689 21506945 21507879;21710720 21000002 21703318;21708325 21602558;20140777 21712227;20140524 21708799;21504350 21503981;21707432 21507221;21707228 21502642;21505186 21705472;21501136 21712084;21500179 21513144;20144769 21712091;21503233 21712798;21506147 21000001;21507151 21506961;21505282 21710385

